,id,category,subcategory,some_column,name,description,price,fd_name1,fd_name2,fd_slug1,fd_slug2,fd_slug_id1,fd_slug_id2
0,3edeb34cf93f490ff760af85,9,914,0,–°—É–º–∫–∞ DG,,199900,–ñ–µ–Ω—Å–∫–∏–π –≥–∞—Ä–¥–µ—Ä–æ–±,–ê–∫—Å–µ—Å—Å—É–∞—Ä—ã,zhenskaya-odezhda,aksessuary,zhenskaya-odezhda,zhenskaya-odezhda-aksessuary
1,c98febd50dad3cc0ffc86085,22,2202,1,–ö–æ–º–ø–ª–µ–∫—Ç,8-12 –ª–µ—Ç,35000,–î–µ—Ç—Å–∫–∏–π –≥–∞—Ä–¥–µ—Ä–æ–±,–ê–∫—Å–µ—Å—Å—É–∞—Ä—ã,detskaya-odezhda,aksessuary,detskaya-odezhda,detskaya-odezhda-aksessuary
2,ade01e13912a46a99134cc75,22,2204,2,–ü–∞–ª—å—Ç–∏—à–∫–æ –¥–µ–º–∏—Å–µ–∑–æ–Ω–Ω–æ–µ,"–ù–∞ –¥–µ–≤–æ—á–∫—É 1,5 –≥,—Å–æ—Å—Ç–æ—è–Ω–∏–µ —Ö–æ—Ä–æ—à–µ–µ ",30000,–î–µ—Ç—Å–∫–∏–π –≥–∞—Ä–¥–µ—Ä–æ–±,–í–µ—Ä—Ö–Ω—è—è –æ–¥–µ–∂–¥–∞,detskaya-odezhda,verhnyaya-odezhda,detskaya-odezhda,detskaya-odezhda-verhnyaya-odezhda
3,ab3e6941c11304c1519aef75,22,2209,3,Attipas,"–†–∞–∑–º–µ—Ä-135mm, euro-22.5.–ü—Ä–æ—á–Ω–∞—è, –º—è–≥–∫–∞—è, –Ω–µ —Å–∫–æ–ª—å–∑—è—â–∞—è –æ–±—É–≤—å –¥–ª—è –º–∞–ª–µ–Ω—å–∫–∏—Ö! –ì–∏–±–∫–∞—è –ø–æ–¥–æ—à–≤–∞, –æ–±–µ—Å–ø–µ—á–∏–≤–∞–µ—Ç –º–Ω–æ–≥–æ –º–µ—Å—Ç–∞ –¥–ª—è –¥–≤–∏–∂–µ–Ω–∏—è –ø–∞–ª—å—á–∏–∫–æ–≤. –û–±—É–≤—å –ø—Ä–æ–∏–∑–≤–æ–¥–∏—Ç—Å—è –±–µ–∑ –∏—Å–ø–æ–ª—å–∑–æ–≤–∞–Ω–∏—è –∫–ª–µ—è –∏ —Ç–æ–∫—Å–∏—á–Ω—ã—Ö –≤–µ—â–µ—Å—Ç–≤. –ë–ª–∞–≥–æ–¥–∞—Ä—è –Ω–µ–±–æ–ª—å—à–∏–º –æ—Ç–≤–µ—Ä—Å—Ç–∏—è–º –≤ –ø–æ–¥–æ—à–≤–µ –ø–æ–∑–≤–æ–ª—è–µ—Ç –¥—ã—à–∞—Ç—å –Ω–æ–∂–∫–µ. –ú–∞—à–∏–Ω–Ω–∞—è —Å—Ç–∏—Ä–∫–∞, –±—ã—Å—Ç—Ä–æ —Å–æ—Ö–Ω—É—Ç. –°–æ—Å—Ç–∞–≤: –º–∞—Ç–µ—Ä–∏–∞–ª –ø–æ–¥–æ—à–≤—ã- —Ç–µ—Ä–º–æ–ø–ª–∞—Å—Ç–∏—á–Ω—ã–π —Å–∏–ª–∏–∫–æ–Ω 100%. –ú–∞—Ç–µ—Ä–∏–∞–ª –Ω–æ—Å–æ—á–∫–∞- —Ö–ª–æ–ø–æ–∫- 80%, —Å–ø–∞–¥–Ω–µ–∫—Å -17%, —Ä–µ–∑–∏–Ω–æ–≤–∞—è –Ω–∏—Ç—å- 2%, –ø–æ–ª–∏—É—Ä–∏—Ç–∞–Ω–æ–≤—ã–µ –Ω–∏—Ç–∏- 1%. –û–±—É–≤—å –ø–æ–º–æ–≥–∞–µ—Ç –ø—Ä–∞–≤–∏–ª—å–Ω–æ–º—É –º–æ—Ç–æ—Ä–Ω–æ–º—É —Ä–∞–∑–≤–∏—Ç–∏—é",80000,–î–µ—Ç—Å–∫–∏–π –≥–∞—Ä–¥–µ—Ä–æ–±,–û–±—É–≤—å,detskaya-odezhda,obuv,detskaya-odezhda,detskaya-odezhda-obuv
4,252452a91c944a22c276d995,22,2204,5,–ñ–∏–ª–µ—Ç —Ç–µ–ø–ª—ã–π,,50000,–î–µ—Ç—Å–∫–∏–π –≥–∞—Ä–¥–µ—Ä–æ–±,–í–µ—Ä—Ö–Ω—è—è –æ–¥–µ–∂–¥–∞,detskaya-odezhda,verhnyaya-odezhda,detskaya-odezhda,detskaya-odezhda-verhnyaya-odezhda
5,364f7659a4e9ba6c53e35495,9,902,6,"–ë–æ—Å–æ–Ω–æ–∂–∫–∏, —Å–∞–±–æ","–ù–æ–≤—ã–µ, —Ç–µ–∫—Å—Ç–∏–ª—å–Ω—ã–µ –±–æ—Å–æ–Ω–æ–∂–∫–∏, 37 —Ä–∞–∑–º–µ—Ä –≤ —Ä–∞–∑–º–µ—Ä, –ø–ª–∞—Ç—Ñ–æ—Ä–º–∞ 3 —Å–º, –∫–∞–±–ª—É–∫ 11 —Å–º. –ú—è–≥–∫–∏–µ, —É–¥–æ–±–Ω—ã–µ –Ω–∞ –Ω–æ–≥—É —Å—Ä–µ–¥–Ω–µ–π –ø–æ–ª–Ω–æ—Ç—ã.",30000,–ñ–µ–Ω—Å–∫–∏–π –≥–∞—Ä–¥–µ—Ä–æ–±,–û–±—É–≤—å,zhenskaya-odezhda,obuv,zhenskaya-odezhda,zhenskaya-odezhda-obuv
6,c3d87065e4dbc080f400bb85,15,1508,7,–ñ–µ—Å—Ç–∫–∏–π –¥–∏—Å–∫ –¥–ª—è –Ω–æ—É—Ç–±—É–∫–∞ Seagate 320gb,Seagate –ú–æ–¥–µ–ª—å St320lt020  HDD –¥–ª—è –Ω–æ—É—Ç–±—É–∫–æ–≤  –ï–º–∫–æ—Å—Ç—å –Ω–∞–∫–æ–ø–∏—Ç–µ–ª—è 320 –ì–± –æ—Ç–ª–∏—á–Ω–æ–µ —Å–æ—Å—Ç–æ—è–Ω–∏–µ.,150000,–ö–æ–º–ø—å—é—Ç–µ—Ä–Ω–∞—è —Ç–µ—Ö–Ω–∏–∫–∞,–ö–æ–º–ø–ª–µ–∫—Ç—É—é—â–∏–µ –∏ –∑–∞–ø—á–∞—Å—Ç–∏,kompyutery,komplektuyushchie,kompyutery,komplektuyushchie
7,22e6a518d53f490f6ce7fd85,4,403,8,–ö–æ–≤–µ—Ä 324 –Ω–∞ 240,"–°–æ—Å—Ç–æ—è–Ω–∏–µ –æ—Ç–ª–∏—á–Ω–æ–µ,–±–µ–∑ –¥–µ—Ñ–µ–∫—Ç–æ–≤",200000,–î–ª—è –¥–æ–º–∞ –∏ –¥–∞—á–∏,–¢–µ–∫—Å—Ç–∏–ª—å –∏ –∫–æ–≤—Ä—ã,dom-dacha,tekstil-kovry,dom-dacha,tekstil-kovry
8,c6bd550b7f1304c1f7fda485,3,301,10,–ö–µ–Ω–≥—É—Ä—É,"–ü—Ä–æ–¥–∞–º –∫–µ–Ω–≥—É—Ä—É 350 , –≤–∞–Ω–Ω–æ—á–∫–∞ —Å –≥–æ—Ä–∫–æ–π 250",35000,–î–µ—Ç—Å–∫–∏–µ —Ç–æ–≤–∞—Ä—ã,–î—Ä—É–≥–æ–µ,detskie,drugoe,detskie,detskie-drugoe
9,117b885a3cf9554042ae2285,2,208,11,–ú–∞—à–∏–Ω–∫–∞ –∞–≤—Ç–æ–º–∞—Ç,,350000,–ë—ã—Ç–æ–≤–∞—è —Ç–µ—Ö–Ω–∏–∫–∞,–°—Ç–∏—Ä–∞–ª—å–Ω—ã–µ –º–∞—à–∏–Ω—ã,bytovaya-tekhnika,stiralnye-mashiny,bytovaya-tekhnika,stiralnye-mashiny
10,b855d70395d3f35d6557fa75,3,312,12,–õ—é–ª—å–∫–∞ Matrix Light by Jane —Å–µ—Ä–∞—è," –õ—é–ª—å–∫–∞ –Ω–∞ –≤–æ–∑—Ä–∞—Å—Ç 0+, –ª—é–ª—å–∫—É –º–æ–∂–Ω–æ –∑–∞–∫—Ä–µ–ø–ª—è—Ç—å –≤ –º–∞—à–∏–Ω–µ –Ω–∞ –¥–≤—É—Ö –∑–∞–¥–Ω–∏—Ö —Å–∏–¥–µ–Ω–∏—è—Ö  –¥–ª—è –ø–µ—Ä–µ–≤–æ–∑–∫–∏ –º–∞–ª—ã—à–∞. –û—á–µ–Ω—å —É–¥–æ–±–Ω–æ –∏ –±–µ–∑–æ–ø–∞—Å–Ω–æ!!!",400000,–î–µ—Ç—Å–∫–∏–µ —Ç–æ–≤–∞—Ä—ã,–ö–æ–ª—è—Å–∫–∏,detskie,kolyaski,detskie,kolyaski
11,de80a9953248da69a86b2b75,9,904,13,–°–≤–∞–¥–µ–±–Ω–æ–µ –ø–ª–∞—Ç—å–µ ,"–ù–æ–≤–æ–µ –ø–ª–∞—Ç—å–µ.–ø–æ—Å–ª–µ —Ö–∏–º. —á–∏—Å—Ç–∫–∏, –æ–¥–µ–≤–∞–ª–∞ –≤—Å–µ–≥–æ –æ–¥–∏–Ω —Ä–∞–∑.—Å—Ä–æ—á–Ω–æ!!—Ç–æ—Ä–≥ —É–º–µ—Å—Ç–µ–Ω(—Ñ–∞—Ç–∞ –≤ –ø–æ–¥–∞—Ä–æ–∫)",600000,–ñ–µ–Ω—Å–∫–∏–π –≥–∞—Ä–¥–µ—Ä–æ–±,–ü–ª–∞—Ç—å—è –∏ —é–±–∫–∏,zhenskaya-odezhda,platya-yubki,zhenskaya-odezhda,zhenskaya-odezhda-platya-yubki
12,286225740159765fdd557095,8,808,14,–ö–æ—Å—Ç—é–º –º—É–∂—Å–∫–æ–π,"–†–∞–∑–º–µ—Ä 50-52 , —Ä–æ—Å—Ç 170, —á–∏—Å—Ç–µ–Ω—å–∫–∏–π, –±–µ–∑ –ø—è—Ç–µ–Ω.",30000,–ú—É–∂—Å–∫–æ–π –≥–∞—Ä–¥–µ—Ä–æ–±,–ü–∏–¥–∂–∞–∫–∏ –∏ –∫–æ—Å—Ç—é–º—ã,muzhskaya-odezhda,pidzhaki-kostyumy,muzhskaya-odezhda,muzhskaya-odezhda-pidzhaki-kostyumy
13,2da5066f122ddb3c77e5ff85,22,2209,16,–ë–æ—Ç–∏–Ω–∫–∏ –∏–Ω–¥–∏–≥–æ –∫–∏–¥—Å,–°–æ—Å—Ç–æ—è–Ω–∏–µ —Ö–æ—Ä–æ—à–µ–µ –≤—Å–µ —Ü–µ–ª–æ–µ. –ü—Ä–æ—à–ª–æ–π –æ—Å–µ–Ω—å—é –Ω–∞–¥–µ–ª–∏ —Ç—Ä–∏ —Ä–∞–∑–∞ –∏ –Ω–æ–≥–∞ –≤—ã—Ä–æ—Å–ª–∞.,80000,–î–µ—Ç—Å–∫–∏–π –≥–∞—Ä–¥–µ—Ä–æ–±,–û–±—É–≤—å,detskaya-odezhda,obuv,detskaya-odezhda,detskaya-odezhda-obuv
14,3396853ee4ff162be8b20195,3,301,17,–û—Ç–¥–∞–º,"–û—Ç–¥–∞–º –º–∞–Ω–µ–∂ –∏ –∫—É—á—É –¥–µ—Ç—Å–∫–∏—Ö –≤–µ—â–µ–π 3 –±–æ–ª—å—à–∏—Ö –∞—à–∞–Ω–æ–≤—Å–∫–∏—Ö –ø–∞–∫–µ—Ç–∞ –Ω–∞ –º–∞–ª—å—á–∏–∫–∞,–µ—Å—Ç—å –∏ –º–∞–ª–µ–Ω—å–∫–∏–µ –≤–µ—â–∏ –∏ –Ω–∞ —Ä–æ—Å—Ç –¥–æ 104 —Å–º.  –ú–∞–Ω–µ–∂ –≤ —Ä–µ–∑–µ—Ä–≤–µ –¥–æ 18:00.",50000,–î–µ—Ç—Å–∫–∏–µ —Ç–æ–≤–∞—Ä—ã,–î—Ä—É–≥–æ–µ,detskie,drugoe,detskie,detskie-drugoe
15,5594f5dd71a986fcf33fa695,8,802,18,–ö–æ–∂–∞–Ω—ã–µ –ª–µ—Ç–Ω–∏–µ –±–æ—Ç–∏–Ω–∫–∏,"–ë–æ—Ç–∏–Ω–∫–∏ –∏–∑ –Ω–∞—Ç—É—Ä–∞–ª—å–Ω–æ–π –∫–æ–∂–∏ , –º—è–≥–∫–∏–µ. –ë–ª–∞–≥–æ—Ä–æ–¥–Ω–æ–≥–æ –∫–æ—Ä–∏—á–Ω–µ–≤–æ–≥–æ —Ü–≤–µ—Ç–∞. –í —Ö–æ—Ä–æ—à–µ–º —Å–æ—Å—Ç–æ—è–Ω–∏–∏. –†–∞–∑–º–µ—Ä 44. –ü—Ä–æ–∏–∑–≤–æ–¥—Å—Ç–≤–æ –ê–Ω–≥–ª–∏—è. –ü–æ–∫—É–ø–∞–ª–∏ –∑–∞ 10 000. –°–µ–π—á–∞—Å –≤ –º–∞–≥–∞–∑–∏–Ω–∞—Ö —Å—Ç–æ—è—Ç –µ—â—ë –¥–æ—Ä–æ–∂–µ. –ö–∞—á–µ—Å—Ç–≤–æ –Ω–∞ –≤—ã—Å–æ—Ç–µ, –ø—Ä–æ—Å–ª—É–∂–∞—Ç –æ—á–µ–Ω—å –¥–æ–ª–≥–æ.",250000,–ú—É–∂—Å–∫–æ–π –≥–∞—Ä–¥–µ—Ä–æ–±,–û–±—É–≤—å,muzhskaya-odezhda,obuv,muzhskaya-odezhda,muzhskaya-odezhda-obuv
16,404c77b766d3f35d37836675,9,902,22,–ù–æ–≤—ã–µ –∫–æ–Ω–≤–µ—Ä—Å—ã 38,"–ù–æ–≤—ã–µ, –≤ –∫–æ—Ä–æ–±–∫–µ —Å –±–∏—Ä–∫–æ–π. –ü—Ä–æ–¥–∞–± —Å–æ —Å–∫–∏–¥–∫–æ–π —Ç–æ–ª—å–∫–æ 2 –¥–Ω—è!!! –ü–æ—Ç–æ–º —É–µ–¥—É –≤ —Å–∞–º–∞—Ä—É! –†–∞–π–æ–Ω –¥–æ–º –±—ã—Ç–∞ –†–æ—Å—Å–∏—è",99000,–ñ–µ–Ω—Å–∫–∏–π –≥–∞—Ä–¥–µ—Ä–æ–±,–û–±—É–≤—å,zhenskaya-odezhda,obuv,zhenskaya-odezhda,zhenskaya-odezhda-obuv
17,5d3ec3023082baaabde1e695,3,314,23,–ò–≥—Ä—É—à–∫–∏ —Ü–µ–Ω–∞ –∑–∞ –≤—Å–µ,–¶–µ–Ω–∞ –∑–∞ –≤—Å–µ,50000,–î–µ—Ç—Å–∫–∏–µ —Ç–æ–≤–∞—Ä—ã,–ò–≥—Ä—É—à–∫–∏ –∏ –∏–≥—Ä—ã,detskie,kukly-igrushki,detskie,detskie-kukly-igrushki
18,b168bb59caa56f9d2be22b75,22,2209,25,–ù–∞—à–∏ –ª—é–±–∏–º—ã–µ —É–≥–≥–∏ emy,"–ü—Ä–æ–¥–∞–º –æ—á–µ–Ω—å –∫–ª–µ–≤—ã–µ —É–≥–≥–∏ –¥–ª—è –º–∞–ª—å—á–∏–∫–∞ –∏–ª–∏ –¥–µ–≤–æ—á–∫–∏,—Ä–∞–∑–º–µ—Ä –æ—Ç 12-18 –ú–ï–°–Ø–¶–ï–í. –ú–´ –ù–û–°–ò–õ–ò –í 1–ì.3 –ú. –û–†–ò–ì–ò–ù–ê–õ!",90000,–î–µ—Ç—Å–∫–∏–π –≥–∞—Ä–¥–µ—Ä–æ–±,–û–±—É–≤—å,detskaya-odezhda,obuv,detskaya-odezhda,detskaya-odezhda-obuv
19,24cb027156a986fc8eeb8795,11,1106,26,–ë–∞—Å–µ–π–Ω,"–ë–∞—Å–µ–π–Ω –≤ —Ö–æ—Ä–æ—à–µ–º —Å–æ—Å—Ç–æ—è–Ω–∏–∏, –ø–æ–∫—É–ø–∞–ª–∏ –≤ –ø—Ä–æ—à–ª–æ–º –≥–æ–¥—É. –ü—Ä–æ–¥–∞–∂–∞ –≤ —Å–≤—è–∑–∏ —Å –ø–æ–∫—É–ø–∫–æ–π –±–æ–ª—å—à–µ–≥–æ. –í –Ω–∞–ª–∏—á–∏–∏ –±–∞—Å–µ–π–Ω, –∏ —Ç–µ–Ω—Ç –¥–ª—è —É–∫—Ä—ã—Ç–∏—è –≤—Å–µ –∑–∞ 1500.",150000,–°–ø–æ—Ä—Ç –∏ –æ—Ç–¥—ã—Ö,–í–æ–¥–Ω—ã–µ –≤–∏–¥—ã —Å–ø–æ—Ä—Ç–∞,sport-otdyh,vodnye-vidy,sport-otdyh,vodnye-vidy
20,e98c94d06ce203686422da85,2,217,27,–°–æ–∫–æ–≤—ã–∂–∏–º–∞–ª–∫–∞ Tefal,"–°–æ–∫–æ–≤—ã–∂–∏–º–∞–ª–∫–∞ –æ—Ç—Ä–∞–±–æ—Ç–∞–ª–∞ 1,5 –∫–≥ —è–±–ª–æ–∫ –∏ –±–æ–ª—å—à–µ –Ω–µ –ø–æ–Ω–∞–¥–æ–±–∏–ª–∞—Å—å. –°–æ—Å—Ç–æ—è–Ω–∏–µ –∏–¥–µ–∞–ª—å–Ω–æ–µ. –ó–≤–æ–Ω–∏—Ç–µ –∏ –ø–∏—à–∏—Ç–µ.",100000,–ë—ã—Ç–æ–≤–∞—è —Ç–µ—Ö–Ω–∏–∫–∞,–ü—Ä–∏–≥–æ—Ç–æ–≤–ª–µ–Ω–∏–µ –Ω–∞–ø–∏—Ç–∫–æ–≤,bytovaya-tekhnika,prigotovlenie-napitkov,bytovaya-tekhnika,prigotovlenie-napitkov
21,4a0851490c36202f83ba0295,15,1502,30,–ò–≥—Ä–æ–≤–æ–π —Å–∏—Å—Ç–µ–º–Ω–∏–∫ core i5 gtx 950,"–ü—Ä–æ–¥–∞–º –∏–≥—Ä–æ–≤–æ–π —Å–∏—Å—Ç–µ–º–Ω–∏–∫. - –ö–æ—Ä–ø—É—Å aerocool x strike —Ç–∞–∫–æ–π –∂–µ –∫–∞–∫ –Ω–∞ —Ñ–æ—Ç–æ, —Å –∫—Ä–∞—Å–Ω–æ–π –ø–æ–¥—Å–≤–µ—Ç–∫–æ–π. - –ü—Ä–æ—Ü–µ—Å—Å–æ—Ä core i5 3.1ghz - –í–∏–¥–µ–æ–∫–∞—Ä—Ç–∞ GTX 950 strix - –û–ø–µ—Ä–∞—Ç–∏–≤–Ω–∞—è –ø–∞–º—è—Ç—å 8gb - –ë–ª–æ–∫ –ø–∏—Ç–∞–Ω–∏—è 650W. –ü–û –í–°–ï–ú –í–û–ü–†–û–°–ê–ú –û–ë–†–ê–©–ê–ô–¢–ï–°–¨ –í –õ–ò–ß–ö–£!!! –¢–æ—Ä–≥",2599000,–ö–æ–º–ø—å—é—Ç–µ—Ä–Ω–∞—è —Ç–µ—Ö–Ω–∏–∫–∞,–ö–æ–º–ø—å—é—Ç–µ—Ä—ã,kompyutery,nastolnye-monobloki,kompyutery,monobloki
22,3848b51c92e9ba6c54cafd85,1,109,32,–ü—Ä–æ–±–æ—á–Ω–∞—è –ø–∞–Ω–µ–ª—å,–ü—Ä–∏–±–æ—Ä–Ω–∞—è –ø–∞–Ω–µ–ª—å –æ—Ç –≤–∞–∑ 2114 –ø—Ä–æ–±–µ–≥ 70 —Ç—ã—Å –∫–º –ó–≤–æ–Ω–∏—Ç—å –Ω–∞ –Ω–æ–º–µ—Ä 79033410800 –∏–ª–∏ 79033140595,80000,–¢—Ä–∞–Ω—Å–ø–æ—Ä—Ç –∏ –∞–≤—Ç–æ—Ç–æ–≤–∞—Ä—ã,–ó–∞–ø—á–∞—Å—Ç–∏,avto-moto,avtozapchasti,avto-moto,avtozapchasti
23,c7c21c49e0dbc080d8da2f75,13,1306,33,–ù–æ–≤—ã–µ EarPods –æ—Ç iPhone 6 –∑–∞–ø–µ—á–∞—Ç–∞–Ω–Ω—ã–µ ,"–ê–±—Å–æ–ª—é—Ç–Ω–æ –Ω–æ–≤—ã–µ ,–æ—Ä–∏–≥–∏–Ω–∞–ª—å–Ω—ã–µ .–±–µ–∑ —Ç–æ—Ä–≥–∞)",130000,–≠–ª–µ–∫—Ç—Ä–æ–Ω–∏–∫–∞,–ù–∞—É—à–Ω–∏–∫–∏,ehlektronika,naushniki,ehlektronika,naushniki
24,4da7d5a438bc68c6dcd23995,1,109,34,–¥–≤–µ—Ä–∏ –æ—Ç –≥–∞–∑-3110,"–¥–≤–µ—Ä–∏ –ø–µ—Ä–µ–¥–Ω—è—è –∏ –∑–∞–¥–Ω—è—è, –ª–µ–≤—ã–µ, —Ü–µ–Ω–∞ –∑–∞ –æ–±–µ",100000,–¢—Ä–∞–Ω—Å–ø–æ—Ä—Ç –∏ –∞–≤—Ç–æ—Ç–æ–≤–∞—Ä—ã,–ó–∞–ø—á–∞—Å—Ç–∏,avto-moto,avtozapchasti,avto-moto,avtozapchasti
25,ec33c7462cd3f35debee3b85,3,314,35,–õ–æ—à–∞–¥–∫–∞ –Æ–ª–∏–π –¶–µ–∑–∞—Ä—å,–ü—Ä–æ–¥–∞—é –ª–æ—à–∞–¥–∫—É –≤ –∏–¥–µ–∞–ª—å–Ω–æ–º —Å–æ—Å—Ç–æ—è–Ω–∏–∏. –°–Ω–∏–º–∞–ª—Å—è –≤ 3-—Ö –±–æ–≥–∞—Ç—ã—Ä—è—Ö –±–∏–±–ª–∏–æ—Ç–µ–∫–æ—Ä–µ–ºüòÜ –†–æ—Å—Ç 70 —Å–º.,50000,–î–µ—Ç—Å–∫–∏–µ —Ç–æ–≤–∞—Ä—ã,–ò–≥—Ä—É—à–∫–∏ –∏ –∏–≥—Ä—ã,detskie,kukly-igrushki,detskie,detskie-kukly-igrushki
26,ddb001f0de57e97441b8c985,8,802,36,–ö—Ä–æ—Å—Å–æ–≤–∫–∏ Reebok ZigTech,"–ü—Ä–æ–¥–∞—é –∫—Ä–æ—Å—Å–æ–≤–∫–∏ —Ä–∏–±–æ–∫ zigtech,—Å–æ—Å—Ç–æ—è–Ω–∏–µ 4-,–∑–≤–æ–Ω–∏—Ç—å –ø–æ –Ω–æ–º–µ—Ä—É 89992169339",40000,–ú—É–∂—Å–∫–æ–π –≥–∞—Ä–¥–µ—Ä–æ–±,–û–±—É–≤—å,muzhskaya-odezhda,obuv,muzhskaya-odezhda,muzhskaya-odezhda-obuv
27,0bef73b7a348da69933ab675,22,2206,37,–°–ø–∞–ª—å–Ω—ã–π –º–µ—à–æ–∫ –æ—Ç 4 –º–µ—Å.,"–ù–æ–≤—ã–π –Ω–µ –ø–æ–ª—å–∑–∞–≤–∞–Ω–Ω—ã–π, –Ω–æ –µ—Å—Ç—å 2 –Ω–µ–±–æ–ª—å—à–∏—Ö –ø–æ—Ä–µ–∑–∞. ",15000,–î–µ—Ç—Å–∫–∏–π –≥–∞—Ä–¥–µ—Ä–æ–±,–ö–æ–º–±–∏–Ω–µ–∑–æ–Ω—ã –∏ –±–æ–¥–∏,detskaya-odezhda,kombinezony-i-bodi,detskaya-odezhda,detskaya-odezhda-kombinezony-i-bodi
28,562bde4360dbc080a885f085,8,814,39,–ö—É—Ä—Ç–∫–∞ —Ñ–ª–∏—Å–æ–≤–∞—è –í–ö–ë–û (–ù–û–í–ê–Ø),89877599446,100000,–ú—É–∂—Å–∫–æ–π –≥–∞—Ä–¥–µ—Ä–æ–±,–°–ø–µ—Ü–æ–¥–µ–∂–¥–∞,muzhskaya-odezhda,specodezhda,muzhskaya-odezhda,specodezhda
29,2a6d85fc0bab65725f543295,9,914,40,–ñ–µ–Ω—Å–∫–∞—è —Å—É–º–æ—á–∫–∞,–í–ª—é–±–∏—Ç–µ—Å—å —Å –ø–µ—Ä–≤–æ–≥–æ –≤–∑–≥–ª—è–¥–∞.,99000,–ñ–µ–Ω—Å–∫–∏–π –≥–∞—Ä–¥–µ—Ä–æ–±,–ê–∫—Å–µ—Å—Å—É–∞—Ä—ã,zhenskaya-odezhda,aksessuary,zhenskaya-odezhda,zhenskaya-odezhda-aksessuary
30,4480c35dc20e788c98672395,1,101,41,205/55/16,–¶–µ–Ω–∞ –∑–∞ –æ–¥–∏–Ω –±–∞–ª–ª–æ–Ω,80000,–¢—Ä–∞–Ω—Å–ø–æ—Ä—Ç –∏ –∞–≤—Ç–æ—Ç–æ–≤–∞—Ä—ã,–î—Ä—É–≥–æ–µ,avto-moto,drugoe,avto-moto,avto-moto-drugoe
31,1b5c4c818d57e974db3e9085,9,903,43,–ü–µ—Ä—á–∞—Ç–∫–∏ –∫–æ–∂.–∑–∞–º.–Ω–æ–≤—ã–µ.,–û–¥–µ–≤–∞–ª–∞ –æ–¥–∏–Ω —Ä–∞–∑.–ø–æ–∫—É–ø–∞–ª–∞ –∑–∞ 2000.—Å —Ç–µ–ø–ª—ã–º –ø–æ–¥–∫–ª–∞–¥–æ–º.,40000,–ñ–µ–Ω—Å–∫–∏–π –≥–∞—Ä–¥–µ—Ä–æ–±,–í–µ—Ä—Ö–Ω—è—è –æ–¥–µ–∂–¥–∞,zhenskaya-odezhda,verhnyaya,zhenskaya-odezhda,zhenskaya-odezhda-verhnyaya
32,453346cbb259765f0add2295,14,1404,46,–û–∫–∏—Å–ª–∏—Ç–µ–ª—å–Ω–∞—è —ç–º—É–ª—å—Å–∏—è 6%,1000 –ª (–∑–∞ –º–∏–Ω—É—Å–æ–º 60 –º–ª). –°—Ä–æ–∫ –≥–æ–¥–Ω–æ—Å—Ç–∏ –¥–æ 03/2019.,35000,–ö—Ä–∞—Å–æ—Ç–∞ –∏ –∑–¥–æ—Ä–æ–≤—å–µ,–£—Ö–æ–¥ –∑–∞ –≤–æ–ª–æ—Å–∞–º–∏,krasota-i-zdorove,uhod-za-volosami,krasota-i-zdorove,uhod-za-volosami
33,2861851756b2eeb11c654a95,8,809,47,–ö–∏–º–æ–Ω–æ –¥–ª—è –¥–∑—é–¥–æ,–ù–∞ —Ä–æ—Å—Ç 1.30 –ö–∏–º–æ–Ω–æ –≤ —Ö–æ—Ä–æ—à–µ–º —Å–æ—Å—Ç–æ—è–Ω–∏–∏. –ù–∞ —Ä–µ–±—ë–Ω–∫–∞ 8-10 –ª–µ—Ç,120000,–ú—É–∂—Å–∫–æ–π –≥–∞—Ä–¥–µ—Ä–æ–±,–°–ø–æ—Ä—Ç–∏–≤–Ω–∞—è –æ–¥–µ–∂–¥–∞,muzhskaya-odezhda,sportivnaya,muzhskaya-odezhda,muzhskaya-odezhda-sportivnaya
34,9c8609b953ad3cc0f0fc7c85,100,10001,48,–∫–≤–∞—Ä—Ç–∏—Ä–∞  –ø–æ—Å—É—Ç–æ—á–Ω–æ –∏ –ø–æ —á–∞—Å–∞–º,–í —Ä–∞–π–æ–Ω–µ –†–ò–û.–ø–æ —á–∞—Å–∞–º 200—Ä 1 —á–∞—Å.,90000,–ü—Ä–æ—á–µ–µ,–î—Ä—É–≥–æ–µ,prochee,drugoe,prochee,prochee-drugoe
35,2cf66093895dc90a7c8c2295,3,311,49,–ü–∏—Ç–∞–Ω–∏–µ –¥–µ—Ç—Å–∫–æ–µ,7 –±–∞–Ω–Ω–æ–∫,28000,–î–µ—Ç—Å–∫–∏–µ —Ç–æ–≤–∞—Ä—ã,–ö–æ—Ä–º–ª–µ–Ω–∏–µ –∏ –ø–∏—Ç–∞–Ω–∏–µ,detskie,kormlenie-pitanie,detskie,kormlenie-pitanie
36,aaca3e592748da69ce3e0d85,3,311,52,–ú–æ–ª–æ–∫–æ–æ—Ç—Å–æ—Å —Ä—É—á–Ω–æ–π medela,"–†—É—á–Ω–æ–π –º–æ–ª–æ–∫–æ–æ—Ç—Å–æ—Å + –±—É—Ç—ã–ª–æ—á–∫–∞. –û—á–µ–Ω—å —É–¥–æ–±–Ω–æ –¥–ª—è —Å—Ü–µ–∂–∏–≤–∞–Ω–∏—è –∏ —Ö—Ä–∞–Ω–µ–Ω–∏—è –º–æ–ª–æ–∫–∞ –¥–ª—è —Å–ª–µ–¥—É—é—â–µ–≥–æ –∫–æ—Ä–º–ª–µ–Ω–∏—è, –µ—Å–ª–∏ –º–∞–º–µ –Ω–∞–¥–æ –æ—Ç–ª—É—á–∏—Ç—å—Å—è. –í –ø–æ–¥–∞—Ä–æ–∫ –æ—Ç–¥–∞–º –ø—Ä–æ–∫–ª–∞–¥–∫–∏ –¥–ª—è –≥—Ä—É–¥–∏ –∏ —á–∞–π –¥–ª—è –ª–∞–∫—Ç–∞—Ü–∏–∏! –ó–í–û–ù–ò–¢–¨ –ü–û –ù–û–ú–ï–†–£ 89197544694",150000,–î–µ—Ç—Å–∫–∏–µ —Ç–æ–≤–∞—Ä—ã,–ö–æ—Ä–º–ª–µ–Ω–∏–µ –∏ –ø–∏—Ç–∞–Ω–∏–µ,detskie,kormlenie-pitanie,detskie,kormlenie-pitanie
37,a49c64349f1304c114e20b85,12,1202,53,Samsung j3 (j320f),"–•–æ—Ä–æ—à–µ–µ —Å–æ—Å—Ç–æ—è–Ω–∏–µ, –æ–¥–∏–Ω –≤–ª–∞–¥–µ–ª–µ—Ü.—Ü–µ–Ω—É –Ω–µ —Å–±—Ä–æ—à—É , –æ–±–º–µ–Ω –Ω–µ –∏–Ω—Ç–µ—Ä–µ—Å–µ–Ω. –ö—É–ø–ª—é –±–∏—Ç—ã–µ, –Ω–µ—Ä–∞–±–æ—Ç–∞—é—â–∏–µ —Ç–µ–ª–µ—Ñ–æ–Ω—ã,–ø–ª–∞–Ω—à–µ—Ç—ã,–Ω–æ—É—Ç–±—É–∫–∏",650000,–¢–µ–ª–µ—Ñ–æ–Ω—ã –∏ –ø–ª–∞–Ω—à–µ—Ç—ã,–ú–æ–±–∏–ª—å–Ω—ã–µ —Ç–µ–ª–µ—Ñ–æ–Ω—ã,smartfony-planshety,smartfony,smartfony-planshety,smartfony
38,b2a5d4d4243955b44f605f75,10,1002,57,Xbox 360,–ö–æ–º–ø–ª–µ–∫—Ç –Ω–∞ —Ñ–æ—Ç–æ+ –∫–æ—Ä–æ–±–∫–∞,490000,–•–æ–±–±–∏ –∏ —Ä–∞–∑–≤–ª–µ—á–µ–Ω–∏—è,–ò–≥—Ä–æ–≤—ã–µ –ø—Ä–∏—Å—Ç–∞–≤–∫–∏,hobbi-razvlecheniya,konsoli-igry,hobbi-razvlecheniya,konsoli-igry
39,2843c7f6c65dc90a4c1d1695,3,314,58,–°–ø–∏–Ω–Ω–µ—Ä,–ë–µ–∑ –ø—Ä–µ–¥–æ–ø–ª–∞—Ç—ã –î–æ—Å—Ç–∞–≤–∫–∞ –ø–æ –Ø–ª—Ç–µ –±–µ—Å–ø–ª–∞—Ç–Ω–∞—è,65000,–î–µ—Ç—Å–∫–∏–µ —Ç–æ–≤–∞—Ä—ã,–ò–≥—Ä—É—à–∫–∏ –∏ –∏–≥—Ä—ã,detskie,kukly-igrushki,detskie,detskie-kukly-igrushki
40,3438949c05e3b470c984ea95,3,317,59,–≠–ª–µ–∫—Ç—Ä–æ–Ω–Ω–∞—è –∫–∞—á–µ–ª—å,"–≠–ª–µ–∫—Ç—Ä–æ–Ω–Ω–∞—è –∫–∞—á–µ–ª—å Baby Care Riva, —É–¥–æ–±–Ω–∞—è, –∫–æ–º–ø–∞–∫—Ç–Ω–∞—è, —à–µ—Å—Ç—å —Å–∫–æ—Ä–æ—Å—Ç–µ–π –∫–∞—á–∞–Ω–∏—è, —Ç–∞–π–º–µ—Ä, —Ä–µ–º–Ω–∏, –ø—Ä–∏—è—Ç–Ω—ã–µ –º–µ–ª–æ–¥–∏–∏, –≥—Ä–æ–º–∫–æ—Å—Ç—å –∑–≤—É–∫–∞ —Ä–µ–≥—É–ª–∏—Ä—É–µ—Ç—Å—è. –†–∞–±–æ—Ç–∞–µ—Ç –æ—Ç –±–∞—Ç–∞—Ä–µ–µ–∫, –æ—Ç —Å–µ—Ç–∏ –Ω–µ —Ä–∞–±–æ—Ç–∞–µ—Ç (–±–∞—Ç–∞—Ä–µ–µ–∫ —Ö–≤–∞—Ç–∞–µ—Ç –Ω–∞ –¥–æ–ª–≥–æ, –∫–∞–∫ —É—Å—Ç–∞–Ω–æ–≤–∏–ª–∏, –Ω–∏ —Ä–∞–∑—É –Ω–µ –º–µ–Ω—è–ª–∏). –ù–µ–∑–∞–º–µ–Ω–∏–º—ã–π –ø–æ–º–æ—â–Ω–∏–∫ –º–∞–º–æ—á–∫–µ.",260000,–î–µ—Ç—Å–∫–∏–µ —Ç–æ–≤–∞—Ä—ã,–û–±—É—Å—Ç—Ä–æ–π—Å—Ç–≤–æ –¥–µ—Ç—Å–∫–æ–π,detskie,mebel,detskie,mebel
41,266fc4d1395ccdeb3428fe85,3,314,60,–ü–æ–∫–µ–±–æ–ª —Å–æ —Å–ª—É—á–∞–π–Ω–æ–π –º–∏–Ω–∏—Ñ–∏–≥—É—Ä–∫–æ–π –ø–æ–∫–µ–º–æ–Ω–∞ –≤–Ω—É—Ç—Ä–∏,–†–∞–∑–º–µ—Ä –ø–æ–∫–µ–±–æ–ª–∞: 7 —Å–º.,30000,–î–µ—Ç—Å–∫–∏–µ —Ç–æ–≤–∞—Ä—ã,–ò–≥—Ä—É—à–∫–∏ –∏ –∏–≥—Ä—ã,detskie,kukly-igrushki,detskie,detskie-kukly-igrushki
42,62c792b5c1141fee419acc95,22,2209,61,–ë–æ—Ç–∏–Ω–∫–∏ –∑–∏–º–Ω–∏–µ,"–ó–∏–º–Ω–∏–µ, —Ä–∞–∑–º–µ—Ä 20-21,( —Ç–∞–∫ –Ω–∞–ø–∏—Å–∞–Ω–æ –Ω–∞ –ø–æ–¥–æ—à–≤–µ) . –§–∏—Ä–º–∞ –ö–æ—Ç–æ—Ñ–µ–π. –°–æ—Å—Ç–æ—è–Ω–∏–µ —Ö–æ—Ä–æ—à–µ–µ",80000,–î–µ—Ç—Å–∫–∏–π –≥–∞—Ä–¥–µ—Ä–æ–±,–û–±—É–≤—å,detskaya-odezhda,obuv,detskaya-odezhda,detskaya-odezhda-obuv
43,3aec3024bc0e788cdb046795,14,1403,62,–î—É—Ö–∏ Lancome la vie est belle,"Edp! –û—Ä–∏–≥–∏–Ω–∞–ª! –û–±—ä—ë–º 30 –º–ª, –æ—Å—Ç–∞–ª–æ—Å—å –ø–æ–ª–æ–≤–∏–Ω–∞. –î–æ 15 —á–∏—Å–ª–∞ –∑–∞ 500 –æ—Ç–¥–∞–º",90000,–ö—Ä–∞—Å–æ—Ç–∞ –∏ –∑–¥–æ—Ä–æ–≤—å–µ,–ü–∞—Ä—Ñ—é–º–µ—Ä–∏—è,krasota-i-zdorove,parfyumeriya,krasota-i-zdorove,parfyumeriya
44,62df3b3861f95540e9834385,16,1608,64,–ù–∞–±–æ—Ä –¥–ª—è –º–∞–Ω–∏–∫—é—Ä–∞,–ù–∞ –º–æ–µ–º –ø—Ä–æ—Ñ–∏–ª–µ –º–æ–Ω–æ–≥–æ –∏–Ω—Ç–µ—Ä–µ—Å–Ω—ã—Ö –≤–µ—â–µ–π,25000,–£—Å–ª—É–≥–∏,–ö—Ä–∞—Å–æ—Ç–∞ –∏ –∑–¥–æ—Ä–æ–≤—å–µ,uslugi,krasota-zdorove,uslugi,uslugi-krasota-zdorove
45,3a80d58fd82d9e58ce4aed85,22,2209,65,–ë–æ—Å–æ–Ω–æ–∂–∫–∏ –¥–ª—è —Ç–∞–Ω—Ü–µ–≤,–î–ª—è —Ç–∞–Ω—Ü–µ–≤ —Å—Ç–µ–ª—å–∫–∞ 22—Å–º,50000,–î–µ—Ç—Å–∫–∏–π –≥–∞—Ä–¥–µ—Ä–æ–±,–û–±—É–≤—å,detskaya-odezhda,obuv,detskaya-odezhda,detskaya-odezhda-obuv
46,30b215c9295ccdeb1abe2195,3,314,66,–ö–æ–≤—Ä–∏–∫ –º—É–∑—ã–∫–∞–ª—å–Ω—ã–π,"–î–ª—è –≤–æ–∑—Ä–∞—Å—Ç–∞ 3+, –Ω–µ—Å–∫–æ–ª—å–∫–æ —Ä–µ–∂–∏–º–æ–≤ —Ä–∞–±–æ—Ç—ã",30000,–î–µ—Ç—Å–∫–∏–µ —Ç–æ–≤–∞—Ä—ã,–ò–≥—Ä—É—à–∫–∏ –∏ –∏–≥—Ä—ã,detskie,kukly-igrushki,detskie,detskie-kukly-igrushki
47,060658c789d3f35d14320d75,9,902,68,–¢—É—Ñ–ª–∏ —Ä .36,"–¢—É—Ñ–ª–∏, –∫–æ–∂–∞ –Ω–∞—Ç—É—Ä–∞–ª—å–Ω–∞—è. –ü–æ–¥—Ö–æ–¥—è—Ç –¥–ª—è —à–∫–æ–ª—ã. –û—á–µ–Ω—å —É–¥–æ–±–Ω—ã–µ –∫–ª–∞—Å—Å–∏—á–µ—Å–∫–∏–µ. –¢–æ—Ä–≥.",100000,–ñ–µ–Ω—Å–∫–∏–π –≥–∞—Ä–¥–µ—Ä–æ–±,–û–±—É–≤—å,zhenskaya-odezhda,obuv,zhenskaya-odezhda,zhenskaya-odezhda-obuv
48,4a23d59792944a225801d395,22,2211,69,–ù–∞—Ä—è–¥–Ω–æ–µ –ø–ª–∞—Ç—å–µ,"–ö—Ä–∞—Å–∏–≤–æ–µ –Ω–∞—Ä—è–¥–Ω–æ–µ –ø–ª–∞—Ç—å–µ, —Ä–∞–∑–º–µ—Ä 104, –≤–Ω—É—Ç—Ä–∏ —Ç—Ä–∏–∫–æ—Ç–∞–∂–Ω—ã–π —Ö/–± –ø–æ–¥–∫–ª–∞–¥, —Å–æ—Å—Ç–æ—è–Ω–∏–µ –æ—Ç–ª–∏—á–Ω–æ–µ, –æ–¥–µ—Ç–æ 1 —Ä–∞–∑",40000,–î–µ—Ç—Å–∫–∏–π –≥–∞—Ä–¥–µ—Ä–æ–±,–ü–ª–∞—Ç—å—è –∏ —é–±–∫–∏,detskaya-odezhda,platya-i-yubki,detskaya-odezhda,detskaya-odezhda-platya-i-yubki
49,3105314ef46c1e2633b58195,100,10001,70,–î–µ—Ç—Å–∫–æ–µ –ø–∏—Ç–∞–Ω–∏–µ,–ü—Ä–æ–¥–∞–º 2 –ø–∞—á–∫–∏ –Ω–æ–≤—ã—Ö –∫–∞—à —Å –≥—Ä—É—à–µ–π –∏ –±–∞–Ω–∞–Ω–æ–º. –¶–µ–Ω–∞ —É–∫–∞–∑–∞–Ω–∞ –∑–∞ 1 —É–ø–∞–∫–æ–≤–∫—É. –°—Ä–æ–∫ –≥–æ–¥–Ω–æ—Å—Ç–∏ –≤ –Ω–æ—Ä–º–µ,10000,–ü—Ä–æ—á–µ–µ,–î—Ä—É–≥–æ–µ,prochee,drugoe,prochee,prochee-drugoe
50,4343d339c45ccdeb87773495,5,503,72,–®–æ—Ç–ª–∞–Ω–¥—Ü—ã,–û—Ç–¥–∞–º —Å—Ä–æ—á–Ω–æ —à–æ—Ç–ª–∞–Ω–¥—Ü–µ–≤ (—Å–∫–æ—Ç–∏—à —Å—Ç—Ä–∞–π—Ç) –¥–µ–≤–æ—á–∫–∞ –∏ –º–∞–ª—å—á–∏–∫ –∑–∞ –ø—Ä–∏–∑–µ–Ω—Ç. –†–æ–¥–∏–ª–∏—Å—å 16 –∞–ø—Ä–µ–ª—è. –ï–¥—è—Ç –∫–∞–∫ –∏ –¥–æ–º–∞—à–Ω—é—é –µ–¥—É —Ç–∞–∫ –∏ –∫–æ—Ä–º. –õ–æ—Ç–æ–∫ –∏ –Ω–æ–≥—Ç–µ—Ç–æ—á–∫—É –∑–Ω–∞—é—Ç,0,–ñ–∏–≤–æ—Ç–Ω—ã–µ,–ö–æ—à–∫–∏,zhivotnye,koshki,zhivotnye,koshki
51,2b1aa6b4e170bf66538de995,9,905,75,–°–≤–∏—Ç–µ—Ä,"–¢—ë–ø–ª—ã–π, –ø–æ–¥–æ–π–¥—ë—Ç –Ω–∞ —Ä–∞–∑–º–µ—Ä—ã xs,s,m. –ë–û–õ–¨–®–ï –í–ï–©–ï–ô –í –ü–†–û–§–ò–õ–ï",15000,–ñ–µ–Ω—Å–∫–∏–π –≥–∞—Ä–¥–µ—Ä–æ–±,–°–≤–∏—Ç–µ—Ä—ã –∏ —Ç–æ–ª—Å—Ç–æ–≤–∫–∏,zhenskaya-odezhda,svitery-tolstovki,zhenskaya-odezhda,zhenskaya-odezhda-svitery-tolstovki
52,678c5a5467b18e6a9d993785,9,905,76,–°–≤–∏—Ç–µ—Ä Massimo,–ù–æ–≤—ã–π,140000,–ñ–µ–Ω—Å–∫–∏–π –≥–∞—Ä–¥–µ—Ä–æ–±,–°–≤–∏—Ç–µ—Ä—ã –∏ —Ç–æ–ª—Å—Ç–æ–≤–∫–∏,zhenskaya-odezhda,svitery-tolstovki,zhenskaya-odezhda,zhenskaya-odezhda-svitery-tolstovki
53,5e3176fa766dcea2d7500a95,10,1005,77,"–ó–∞–¥–∞—á–Ω–∏–∫ –ø–æ —Ö–∏–º–∏–∏, 8 –∫–ª–∞—Å—Å( –ö—É–∑–Ω–µ—Ü–æ–≤–∞)","–û—Ç–ª–∏—á–Ω–æ–µ —Å–æ—Å—Ç–æ—è–Ω–∏–µ, –≤—Å—Ç—Ä–µ—á–∞ –ø–æ –¥–æ–≥–æ–≤–æ—Ä—ë–Ω–Ω–æ—Å—Ç–∏",25000,–•–æ–±–±–∏ –∏ —Ä–∞–∑–≤–ª–µ—á–µ–Ω–∏—è,–ö–Ω–∏–≥–∏ –∏ –∂—É—Ä–Ω–∞–ª—ã,hobbi-razvlecheniya,knigi-zhurnaly,hobbi-razvlecheniya,knigi-zhurnaly
54,ce9e4ea679ccb175cd713985,11,1102,79,–ö–æ–Ω—å–∫–∏,"–ö–æ–Ω—å–∫–∏ —Ñ–∏–≥—É—Ä–Ω—ã–µ, —Ä–∞–∑–º–µ—Ä 39,–ø–æ —Å—Ç–µ–ª—å–∫–µ 25.5,–Ω–æ–≤—ã–µ. –¢–û–†–ì!!!! ",99900,–°–ø–æ—Ä—Ç –∏ –æ—Ç–¥—ã—Ö,–ó–∏–º–Ω–∏–µ –≤–∏–¥—ã —Å–ø–æ—Ä—Ç–∞,sport-otdyh,zimnie-vidy,sport-otdyh,zimnie-vidy
55,21084254c0bc68c62fce7e85,9,910,81,–ù–æ–≤–∞—è —Å–æ—Ä–æ—á–∫–∞ Victoria's Secret xs,–ù–æ–≤–∞—è –æ—Ä–∏–≥–∏–Ω–∞–ª –í–∏–∫—Ç–æ—Ä–∏—è —Å–∏–∫—Ä–µ—Ç  –ü–∏—à–∏—Ç–µ –¥–∞–º —Å—Å—ã–ª–∫—É –Ω–∞ –≥—Ä—É–ø–ø—É –≤ –∫–æ–Ω—Ç–∞–∫—Ç–µ  –ö—É–±–∏–Ω—Å–∫–∞—è 10,200000,–ñ–µ–Ω—Å–∫–∏–π –≥–∞—Ä–¥–µ—Ä–æ–±,–ù–∏–∂–Ω–µ–µ –±–µ–ª—å–µ,zhenskaya-odezhda,bele-kupalniki,zhenskaya-odezhda,bele-kupalniki
56,30020634f482baaa1044ee85,10,1005,83,–ô–æ–≥–∞,,10000,–•–æ–±–±–∏ –∏ —Ä–∞–∑–≤–ª–µ—á–µ–Ω–∏—è,–ö–Ω–∏–≥–∏ –∏ –∂—É—Ä–Ω–∞–ª—ã,hobbi-razvlecheniya,knigi-zhurnaly,hobbi-razvlecheniya,knigi-zhurnaly
57,75edf16f9418fff0422a3c95,12,1202,84,ZTE BLADE V7,"–¢–µ–ª–µ—Ñ–æ–Ω –≤ –æ—Ç–ª–∏—á–Ω–æ–º —Å–æ—Å—Ç–æ—è–Ω–∏–∏, –≤ –∫–æ–º–ø–ª–µ–∫—Ç–µ –∫–æ—Ä–æ–±–∫–∞, –¥–æ–∫—É–º–µ–Ω—Ç—ã,–∑–∞—Ä—è–¥–∫–∞.",700000,–¢–µ–ª–µ—Ñ–æ–Ω—ã –∏ –ø–ª–∞–Ω—à–µ—Ç—ã,–ú–æ–±–∏–ª—å–Ω—ã–µ —Ç–µ–ª–µ—Ñ–æ–Ω—ã,smartfony-planshety,smartfony,smartfony-planshety,smartfony
58,40aa91ff152ddb3c0a755395,10,1002,85,–î–∂–æ–π—Å—Ç–∏–∫ –æ—Ç PS4,"–í –æ—Ç–ª–∏—á–Ω–æ–º —Å–æ—Å—Ç–æ—è–Ω–∏–∏, –≤ –∫–æ—Ä–æ–±–∫–µ —Å –º–∞–≥–∞–∑–∏–Ω–∞. –ò–≥—Ä–∞–ª–∏ 1 —Ä–∞–∑",250000,–•–æ–±–±–∏ –∏ —Ä–∞–∑–≤–ª–µ—á–µ–Ω–∏—è,–ò–≥—Ä–æ–≤—ã–µ –ø—Ä–∏—Å—Ç–∞–≤–∫–∏,hobbi-razvlecheniya,konsoli-igry,hobbi-razvlecheniya,konsoli-igry
59,ce5774d3876e2c5c1dfa9885,22,2202,86,–í–∞–Ω–Ω–æ—á–∫–∞,–ü—Ä–æ–¥–∞–º –≤–∞–Ω–Ω–æ—á–∫—É –≤ –æ—Ç–ª–∏—á–Ω–æ–º —Å–æ—Å—Ç–æ—è–Ω–∏–∏!–∏ –µ—â—ë –µ—Å—Ç—å –≥–æ—Ä–∫–∞ –∑–∞ 100!,30000,–î–µ—Ç—Å–∫–∏–π –≥–∞—Ä–¥–µ—Ä–æ–±,–ê–∫—Å–µ—Å—Å—É–∞—Ä—ã,detskaya-odezhda,aksessuary,detskaya-odezhda,detskaya-odezhda-aksessuary
60,23dc929d22bc68c64c56bf85,12,1202,88,HTC Desire 628,–í–µ—Å (–≥): 142; –†–∞–∑–º–µ—Ä—ã (–º–º): 146.9—Ö70.9—Ö8.1; –Å–º–∫–æ—Å—Ç—å (–º–ê—á): 2200; –ê–∫–∫—É–º—É–ª—è—Ç–æ—Ä: Li-Ion; –§–æ–Ω–∞—Ä–∏–∫; mini-Jack (3.5 –º–º); microUSB; FM-–ø—Ä–∏–µ–º–Ω–∏–∫; GPS-–º–æ–¥—É–ª—å; aGPS; Bluetooth; Wi-Fi; EDGE; GPRS; –í—Å–ø—ã—à–∫–∞; –ê–≤—Ç–æ—Ñ–æ–∫—É—Å; –í–∏–¥–µ–æ (–æ—Å–Ω–æ–≤–Ω–∞—è): 1920—Ö1080; –ö–∞–º–µ—Ä–∞ (–æ—Å–Ω–æ–≤–Ω–∞—è): 13; –°–ª–æ—Ç –¥–ª—è –∫–∞—Ä—Ç; –ü–∞–º—è—Ç—å (–ì–ë): 32; –û–ó–£ (–ú–ë): 3072 ,730000,–¢–µ–ª–µ—Ñ–æ–Ω—ã –∏ –ø–ª–∞–Ω—à–µ—Ç—ã,–ú–æ–±–∏–ª—å–Ω—ã–µ —Ç–µ–ª–µ—Ñ–æ–Ω—ã,smartfony-planshety,smartfony,smartfony-planshety,smartfony
61,2cfc912bb7e395c290032b95,22,2209,90,–ë–æ—Ç–∏–Ω–∫–∏ –¥–µ–º–∏—Å–µ–∑–æ–Ω–Ω—ã–µ,"–ü–æ —Å—Ç–µ–ª—å–∫–µ 14.5, –≤–Ω—É—Ç—Ä–∏ –±–∞–π–∫–∞, —Å—Ç–µ–ª—å–∫–∞ –Ω–∞—Ç—É—Ä–∞–ª—å–Ω–∞—è –∫–æ–∂–∞, —Å–Ω–∞—Ä—É–∂–∏ –∫–æ–º–±–∏–Ω–∏—Ä–æ–≤–∞–Ω–Ω–∞—è –∫–æ–∂–∞",25000,–î–µ—Ç—Å–∫–∏–π –≥–∞—Ä–¥–µ—Ä–æ–±,–û–±—É–≤—å,detskaya-odezhda,obuv,detskaya-odezhda,detskaya-odezhda-obuv
62,77146a36742a46a9a524f885,9,914,92,–ö–æ—à–µ–ª—ë–∫ –Ω–æ–≤—ã–π ,,50000,–ñ–µ–Ω—Å–∫–∏–π –≥–∞—Ä–¥–µ—Ä–æ–±,–ê–∫—Å–µ—Å—Å—É–∞—Ä—ã,zhenskaya-odezhda,aksessuary,zhenskaya-odezhda,zhenskaya-odezhda-aksessuary
63,32f0b59dc8ab6572863ccd85,14,1412,93,–ö–æ—Å—Ç—ã–ª–∏,160-180. –ê–ª—é–º–∏–Ω–∏–µ–≤—ã–µ. –†–∞–∑–¥–≤–∏–∂–Ω—ã–µ. –ë/—É 2 –¥–Ω—è ,100000,–ö—Ä–∞—Å–æ—Ç–∞ –∏ –∑–¥–æ—Ä–æ–≤—å–µ,–ú–µ–¥–∏—Ü–∏–Ω—Å–∫–∏–µ —Ç–æ–≤–∞—Ä—ã,krasota-i-zdorove,medicinskie-tovary,krasota-i-zdorove,medicinskie-tovary
64,26dc86ab940e788c1622b195,4,405,94,–ö–æ–∫—Ç–µ–ª—å–Ω—ã–µ –±–æ–∫–∞–ª—ã,6 –∫–æ—Ä–æ–±–æ–∫ –ø–æ 6 —à—Ç –∫–æ—Ä–æ–±–∫–∞ 350,35000,–î–ª—è –¥–æ–º–∞ –∏ –¥–∞—á–∏,–ü–æ—Å—É–¥–∞,dom-dacha,posuda,dom-dacha,dom-dacha-posuda
65,4beeb3f581b47ea86c337985,9,903,95,–ö—É—Ä—Ç–∫–∞ –ø—Ä–∏—Ç–∞–ª–µ–Ω–Ω–∞—è,"–†–∞–∑–º–µ—Ä 48-50, –Ω–æ–≤–∞—è, –¥–æ –±–µ–¥–µ—Ä, —Ç–æ–Ω–∫–∞—è –ø–æ–¥–∫–ª–∞–¥–∫–∞,  –ª–µ–≥–∫–∞—è.",170000,–ñ–µ–Ω—Å–∫–∏–π –≥–∞—Ä–¥–µ—Ä–æ–±,–í–µ—Ä—Ö–Ω—è—è –æ–¥–µ–∂–¥–∞,zhenskaya-odezhda,verhnyaya,zhenskaya-odezhda,zhenskaya-odezhda-verhnyaya
66,2b1c2e84c85f2d41460fa485,9,902,96,–ó–∏–º–Ω–∏–µ —Å–∞–ø–æ–∂–∫–∏,"–û—á–µ–Ω—å —Ç—ë–ø–ª—ã–µ,–Ω–æ–≤—ã–µ,—Ä–∞–∑–º–µ—Ä38-39.–ú–Ω–æ–≥–æ –≤–µ—â–µ–π –≤ –ø—Ä–æ—Ñ–∏–ª–µ!",60000,–ñ–µ–Ω—Å–∫–∏–π –≥–∞—Ä–¥–µ—Ä–æ–±,–û–±—É–≤—å,zhenskaya-odezhda,obuv,zhenskaya-odezhda,zhenskaya-odezhda-obuv
67,ab0e8796c76c1e2607b70995,3,319,97,–ö–µ–Ω–≥—É—Ä—É,–ö–µ–Ω–≥—É—Ä—É –±—É,50000,–î–µ—Ç—Å–∫–∏–µ —Ç–æ–≤–∞—Ä—ã,–¢–æ–≤–∞—Ä—ã –¥–ª—è –º–∞–º,detskie,tovary-dlya-mam,detskie,detskie-tovary-dlya-mam
68,53ba80f3242d9e5802513095,4,410,98,–ö–æ–º–ø—å—é—Ç–µ—Ä–Ω—ã–π —Å—Ç–æ–ª. –ñ—É—Ä–Ω–∞–ª—å–Ω—ã–π —Å—Ç–æ–ª.,"–ö–æ–º–ø—å—é—Ç–µ—Ä–Ω—ã–π —Å—Ç–æ–ª —Å –Ω–∞–¥—Å—Ç—Ä–æ–π–∫–æ–π.  –¶–≤–µ—Ç - –≤–µ–Ω–≥–µ —Ü–∞–≤–æ/–¥—É–± —Å–æ–Ω–æ–º–∞.  –†–∞–∑–º–µ—Ä—ã —Å—Ç–æ–ª–∞ - 1104√ó750*600 (–®*–í*–ì)  –†–∞–∑–º–µ—Ä—ã –Ω–∞–¥—Å—Ç—Ä–æ–π–∫–∏ - 1104√ó650*206 (–®*–í*–ì).  2500 —Ä—É–±.    –ñ—É—Ä–Ω–∞–ª—å–Ω—ã–π —Å—Ç–æ–ª —Å 2-–º—è –≤—ã–¥–≤–∏–∂–Ω—ã–º–∏ —è—â–∏–∫–∞–º–∏ (–ø–æ –±–æ–∫–∞–º).  –¶–≤–µ—Ç - –≤–µ–Ω–≥–µ —Ü–∞–≤–æ/–¥—É–± —Å–æ–Ω–æ–º–∞.  –†–∞–∑–º–µ—Ä—ã - 1000√ó415*600 (–®*–í*–ì)  500 —Ä—É–±.    –ë/—É 1 –≥–æ–¥. –í –æ—á–µ–Ω—å —Ö–æ—Ä–æ—à–µ–º —Å–æ—Å—Ç–æ—è–Ω–∏–∏.  –°–∞–º–æ–≤—ã–≤–æ–∑ —Å —É–ª.–ú–∞—Ä—à–∞–ª–∞ –ö–∞–∑–∞–∫–æ–≤–∞, –¥.68/1.",250000,–î–ª—è –¥–æ–º–∞ –∏ –¥–∞—á–∏,–°—Ç–æ–ª—ã –∏ —Å—Ç—É–ª—å—è,dom-dacha,stoly-stulya,dom-dacha,stoly-stulya
69,325a74b1365ac231c7a5b095,22,2209,99,–°–∞–±–æ —Ñ–∏—Ä–º—ã Crocs –ú–∞–∫–∫—É–∏–Ω –Ω–∞ –º–∞–ª—å—á–∏–∫–∞,–ö–ª–∞—Å—Å–Ω—ã–µ –∫—Ä–æ–∫—Å—ã –Ω–∞ –º–∞–ª—å—á–∏–∫–∞ –≤ –æ—Ç–ª–∏—á–Ω–æ–º —Å–æ—Å—Ç–æ—è–Ω–∏–∏ —Å –∏–∑–æ–±—Ä–∞–∂–µ–Ω–∏–µ–º –ª—é–±–∏–º–æ–π –º–∞—à–∏–Ω–∫–∏ –º–æ–ª–Ω–∏—è –ú–∞–∫–∫—É–∏–Ω. –†–∞–∑–º–µ—Ä –º–∞—Ä–∫–∏ 6–°7. –°–≤–µ—Ç—è—Ç—Å—è –≤ —Ç–µ–º–Ω–æ—Ç–µ!,70000,–î–µ—Ç—Å–∫–∏–π –≥–∞—Ä–¥–µ—Ä–æ–±,–û–±—É–≤—å,detskaya-odezhda,obuv,detskaya-odezhda,detskaya-odezhda-obuv
70,6b1e7cb82eb47ea863d0df75,6,602,100,–ü—Ä–æ–¥–∞–µ—Ç—Å—è –ø–∏–ª–∞ —Ç–æ—Ä—Ü–µ–≤–∞—è –ö–∞–ª–∏–±—Ä,"—Å–æ—Å—Ç–æ—è–Ω–∏–µ —Ö–æ—Ä–æ—à–µ–µ, –∏—Å–ø–æ–ª—å–∑–æ–≤–∞–ª–∞—Å—å –º–∞–ª–æ 1300 –í—Ç, 5000 –æ–±/–º–∏–Ω, –¥–∏—Å–∫ 210 –º–º",200000,–†–µ–º–æ–Ω—Ç –∏ —Å—Ç—Ä–æ–∏—Ç–µ–ª—å—Å—Ç–≤–æ,–≠–ª–µ–∫—Ç—Ä–æ–∏–Ω—Å—Ç—Ä—É–º–µ–Ω—Ç—ã,remont-i-stroitelstvo,ehlektroinstrumenty,remont-i-stroitelstvo,ehlektroinstrumenty
71,3cdec37f47000839a2a80f85,9,902,101,—Ç—É—Ñ–ª–∏ –æ–±–º–µ–Ω,"–ü—Ä–æ–¥–∞—é –∏–ª–∏ –º–µ–Ω—è—é  —Ç—É—Ñ–µ–ª—å–∫–∏,—Ö–æ—Ä–æ—à–∏–µ –∏ –æ—á–µ–Ω—å —É–¥–æ–±–Ω—ã–µ. –°–æ—Å—Ç–æ—è–Ω–∏–µ —Ö–æ—Ä–æ—à–µ–µ,—Ä–∞–∑–º–µ—Ä 38-39",90000,–ñ–µ–Ω—Å–∫–∏–π –≥–∞—Ä–¥–µ—Ä–æ–±,–û–±—É–≤—å,zhenskaya-odezhda,obuv,zhenskaya-odezhda,zhenskaya-odezhda-obuv
72,8adbd06690d3f35d470cb785,11,1103,102,–§–∏—Ç–Ω–µ—Å –±—Ä–∞—Å–ª–µ—Ç —á–∞—Å—ã,"–ß–∞—Å—ã —Å —Ñ—É–Ω–∫—Ü–∏–µ–π —Ö—Ä–æ–Ω–æ–≥—Ä–∞—Ñ–∞, –∏–∑–º–µ—Ä–µ–Ω–∏—è –ø—É–ª—å—Å–∞, —Ä–∞—Å—Ö–æ–¥–∞ –∫–∞–ª–æ—Ä–∏–π –∏ —Ç.–¥",45000,–°–ø–æ—Ä—Ç –∏ –æ—Ç–¥—ã—Ö,–¢—Ä–µ–Ω–∞–∂–µ—Ä—ã –∏ —Ñ–∏—Ç–Ω–µ—Å,sport-otdyh,trenazhery-fitnes,sport-otdyh,trenazhery-fitnes
73,b4e1d372103198814aba3885,9,905,103,–ö–æ—Ñ—Ç–∞ ,–¢—ë–ø–ª–∞—è –∫–æ—Ñ—Ç–∞.–•–æ—Ä–æ—à–µ–µ —Å–æ—Å—Ç–æ—è–Ω–∏–µ.,35000,–ñ–µ–Ω—Å–∫–∏–π –≥–∞—Ä–¥–µ—Ä–æ–±,–°–≤–∏—Ç–µ—Ä—ã –∏ —Ç–æ–ª—Å—Ç–æ–≤–∫–∏,zhenskaya-odezhda,svitery-tolstovki,zhenskaya-odezhda,zhenskaya-odezhda-svitery-tolstovki
74,2a7b625492ff162bd2486295,3,314,104,–ù–∞–±–æ—Ä –¥–ª—è —Ç–≤–æ—Ä—á–µ—Å—Ç–≤–∞  –ß–µ—Ç—ã—Ä–µ —Å–µ–∑–æ–Ω–∞ (–Ω–æ–≤—ã–π),,100000,–î–µ—Ç—Å–∫–∏–µ —Ç–æ–≤–∞—Ä—ã,–ò–≥—Ä—É—à–∫–∏ –∏ –∏–≥—Ä—ã,detskie,kukly-igrushki,detskie,detskie-kukly-igrushki
75,449a92c9e9a6967ee49ff995,9,905,105,–ö–æ—Ñ—Ç–æ—á–∫–∞ befree,,35000,–ñ–µ–Ω—Å–∫–∏–π –≥–∞—Ä–¥–µ—Ä–æ–±,–°–≤–∏—Ç–µ—Ä—ã –∏ —Ç–æ–ª—Å—Ç–æ–≤–∫–∏,zhenskaya-odezhda,svitery-tolstovki,zhenskaya-odezhda,zhenskaya-odezhda-svitery-tolstovki
76,037928f5d04da75ed89b1c85,12,1202,106,iPhone 5s gold 32gb.,–¢–µ–ª–µ—Ñ–æ–Ω –≤ –æ—Ç–ª–∏—á–Ω–æ–º —Å–æ—Å—Ç–æ—è–Ω–∏–∏.  ,900000,–¢–µ–ª–µ—Ñ–æ–Ω—ã –∏ –ø–ª–∞–Ω—à–µ—Ç—ã,–ú–æ–±–∏–ª—å–Ω—ã–µ —Ç–µ–ª–µ—Ñ–æ–Ω—ã,smartfony-planshety,smartfony,smartfony-planshety,smartfony
77,22c3501113ff162b9717a295,4,409,108,–°—Ç–µ–Ω–∫–∞,"–ü—Ä–æ–¥–∞–º —Å—Ç–µ–Ω–∫—É –≤ —Ö–æ—Ä–æ—à–µ–º —Å–æ—Å—Ç–æ—è–Ω–∏–µ. –î–æ—Ä–≥. –ü—Ä–æ–¥–∞–µ–º –≤ —Å–≤—è–∑–∏ —Å –ø–µ—Ä–µ–µ–∑–¥–æ–º. –†–∞–∑–º–µ—Ä—ã: —à–∫–∞—Ñ 80, —Ç—É–º–±–∞ —Å–æ —Å—Ç–µ–∫–ª–æ–º 140, —à–∫–∞—Ñ 80, –∫–æ–ª–æ–Ω–∫–∞ 40. –í—ã—Å–æ—Ç–∞ 2 –º 15 —Å–º —Å –ø–æ–¥—Å—Ç–∞–≤–∫–æ–π, –±–µ–∑ –ø–æ–¥—Å—Ç–∞–≤–∫–∏ 2 –º",600000,–î–ª—è –¥–æ–º–∞ –∏ –¥–∞—á–∏,–®–∫–∞—Ñ—ã –∏ –∫–æ–º–æ–¥—ã,dom-dacha,shkafy-komody,dom-dacha,shkafy-komody
78,f28a21755648da69b896ec85,17,1705,109,–§–∏–≥—É—Ä–∫–∞ –∫–µ—Ä–∞–º–∏–∫–∞,,15000,–•—ç–Ω–¥–º–µ–π–¥,–û—Ñ–æ—Ä–º–ª–µ–Ω–∏–µ –∏–Ω—Ç–µ—Ä—å–µ—Ä–∞,hehndmejd,oformlenie-interera,hehndmejd,hehndmejd-oformlenie-interera
79,05a69530263955b418023a85,9,904,110,–°–∞—Ä–∞—Ñ–∞–Ω,–°–∞—Ä–∞—Ñ–∞–Ω —Ç—Ä–∏–∫–æ—Ç–∞–∂–Ω—ã–π. 52 —Ä–∞–∑–º–µ—Ä,30000,–ñ–µ–Ω—Å–∫–∏–π –≥–∞—Ä–¥–µ—Ä–æ–±,–ü–ª–∞—Ç—å—è –∏ —é–±–∫–∏,zhenskaya-odezhda,platya-yubki,zhenskaya-odezhda,zhenskaya-odezhda-platya-yubki
80,3b7c57a012141fee6ab1f895,1,117,111,–†13 –≥—É–¥—å–µ—Ä –í–∞–∑,–û—Ç–ª–∏—á–Ω—ã–µ –∫–æ–ª–µ—Å–∞ –®–∏–ø–æ–≤–∞–Ω–Ω–∞—è. –ú–∞—à–∏–Ω–∞ –Ω–∞ —ç—Ç–∏—Ö –∫–æ–ª–µ—Å–∞—Ö –∑–∏–º–æ–π –∫–∞–∫ —Ç–∞–Ω–∫.,1000000,–¢—Ä–∞–Ω—Å–ø–æ—Ä—Ç –∏ –∞–≤—Ç–æ—Ç–æ–≤–∞—Ä—ã,"–ö–æ–ª–µ—Å–∞, –∫–æ–ª–ø–∞–∫–∏ –∏ –∫–∞–º–µ—Ä—ã",avto-moto,kolyosa-kolpaki-i-kamery,avto-moto,kolyosa-kolpaki-i-kamery
81,28389c99cbe20368522cb785,5,508,112,–ß–µ—Ä–µ–ø–∞—Ö–∏,–ü—Ä–æ–¥–∞–º –∫—Ä–∞—Å–Ω–æ—É—Ö–∏—Ö —á–µ—Ä–µ–ø–∞—Ö,80000,–ñ–∏–≤–æ—Ç–Ω—ã–µ,–î—Ä—É–≥–∏–µ –∂–∏–≤–æ—Ç–Ω—ã–µ,zhivotnye,drugoe,zhivotnye,zhivotnye-drugoe
82,e60c9fb99b2203dc0707ab85,9,914,114,–ö–ª–∞—Ç—á,"–û—Ç–¥–∞–º –±–µ—Å–ø–ª–∞—Ç–Ω–æ. –®–∏—Ä–∏–Ω–∞ 14—Å–º, –Ω–∞ –∑–∞–º–∫–µ –Ω–µ—Ç –∫–∞–º—É—à–∫–∞.",100,–ñ–µ–Ω—Å–∫–∏–π –≥–∞—Ä–¥–µ—Ä–æ–±,–ê–∫—Å–µ—Å—Å—É–∞—Ä—ã,zhenskaya-odezhda,aksessuary,zhenskaya-odezhda,zhenskaya-odezhda-aksessuary
83,2d59d40c31a986fc34b37095,2,202,115,–•–æ–ª–æ–¥–∏–ª—å–Ω–∏–∫  –ó–∏–ª ,"–ü—Ä–æ–¥–∞—é  –ó–∏–ª , –≤ —Ä–∞–±–æ—á–µ–º —Å–æ—Å—Ç–æ—è–Ω–∏–∏. –¢–æ–ª—å–∫–æ —Å–∞–º–æ–≤—ã–≤–æ–∑.",200000,–ë—ã—Ç–æ–≤–∞—è —Ç–µ—Ö–Ω–∏–∫–∞,–•–æ–ª–æ–¥–∏–ª—å–Ω–∏–∫–∏,bytovaya-tekhnika,holodilniki,bytovaya-tekhnika,holodilniki
84,653108c98c5f2d41d9478985,9,901,116,–ü—Ä–æ–¥–∞—é—Ç—Å—è –≤–µ—â–∏ 42-44 —Ä–∞–∑.,–ü—Ä–æ–¥–∞—é—Ç—Å—è –≤–µ—â–∏ –≤ –æ—Ç–ª–∏—á–Ω–æ–º —Å–æ—Å—Ç–æ—è–Ω–∏–∏,40000,–ñ–µ–Ω—Å–∫–∏–π –≥–∞—Ä–¥–µ—Ä–æ–±,–î—Ä—É–≥–æ–µ,zhenskaya-odezhda,drugoe,zhenskaya-odezhda,zhenskaya-odezhda-drugoe
85,3c23742600dbc0806c226885,12,1202,117,Samsung Galaxy s4 mini,–¢–µ–ª–µ—Ñ–æ–Ω –°–∞–º—Å—É–Ω–≥ —Å4 –º–∏–Ω–∏ –Ω–∞ 8 –≥–∏–≥–æ–≤. –û–¥–Ω–∞ —Å–∏–º –∫–∞—Ä—Ç–∞. –û—Ä–∏–≥–∏–Ω–∞–ª. –õ—é–±—ã–µ –ø—Ä–æ–≤–µ—Ä–∫–∏. –í —Ä–µ–º–æ–Ω—Ç–µ –Ω–µ –±—ã–ª. ,600000,–¢–µ–ª–µ—Ñ–æ–Ω—ã –∏ –ø–ª–∞–Ω—à–µ—Ç—ã,–ú–æ–±–∏–ª—å–Ω—ã–µ —Ç–µ–ª–µ—Ñ–æ–Ω—ã,smartfony-planshety,smartfony,smartfony-planshety,smartfony
86,f7522df9a0dbc080781f0385,9,902,120,–ó–∏–º–Ω–∏–µ —Å–∞–ø–æ–≥–∏,–†–∞–∑–º–µ—Ä —Ç–∞–Ω–∫–µ—Ç–∫–∏ 8-10 —Å–º,100000,–ñ–µ–Ω—Å–∫–∏–π –≥–∞—Ä–¥–µ—Ä–æ–±,–û–±—É–≤—å,zhenskaya-odezhda,obuv,zhenskaya-odezhda,zhenskaya-odezhda-obuv
87,373d9715561fcb560630de85,9,902,121,–¢—É—Ñ–ª–∏ ,–°–æ–≤–µ—Ä—à–µ–Ω–Ω–æ –Ω–æ–≤—ã–µ. –û–¥–µ–≤–∞–ª–∏—Å—å —Ç–æ–ª—å–∫–æ –ø–æ –∫–≤–∞—Ä—Ç–∏—Ä–µ. –î–ª—è –º–µ–Ω—è –≤—ã—Å–æ–∫–æ–≤–∞—Ç–æ. –ë–æ–ª—å—à–µ –≤–µ—â–µ–π –≤ –º–æ–µ–º –ø—Ä–æ—Ñ–∏–ª–µ!–¢–∞–∫ –∂–µ –º–æ–∂–Ω–æ –ø–æ—Å–º–æ—Ç—Ä–µ—Ç—å –º–Ω–æ–≥–æ –≤–µ—â–µ–π –≤ –ø—Ä–æ—Ñ–∏–ª–µ –í–∞—Å–∏–ª–∏–π –ü.(–º–æ–∏ –ø–æ–¥–ø–∏—Å–∫–∏)! ,40000,–ñ–µ–Ω—Å–∫–∏–π –≥–∞—Ä–¥–µ—Ä–æ–±,–û–±—É–≤—å,zhenskaya-odezhda,obuv,zhenskaya-odezhda,zhenskaya-odezhda-obuv
88,2f8f0ed9476e2c5c30f1c885,9,911,122,–ë–µ–ª–∞–∫—Ç –º–∞–º–∞ ,150 —Ä—É–± –∑–∞ –æ–¥–Ω—É —É–ø–∞–∫–æ–≤–∫—É . –í –Ω–∞–ª–∏—á–∏–∏ 3 —É–ø–∞–∫–æ–≤–∫–∏ ,15000,–ñ–µ–Ω—Å–∫–∏–π –≥–∞—Ä–¥–µ—Ä–æ–±,–ë—É–¥—É—â–∏–º –º–∞–º–∞–º,zhenskaya-odezhda,dlya-beremennyh,zhenskaya-odezhda,dlya-beremennyh
89,fc55078138dbc0809f234e75,9,914,123,–®–∞—Ä—Ñ–∏–∫ –†–∞–¥—É–≥–∞ . –†—É—á–Ω–∞—è —Ä–∞–±–æ—Ç–∞ .–ù–æ–≤—ã–π.,"–®–∞—Ä—Ñ–∏–∫ —Å–≤—è–∑–∞–Ω –∏–∑ –ø–æ—à–µ—Ä—Å—Ç—è–Ω–æ–π –ø—Ä—è–∂–∏ . –®–∞—Ä—Ñ –º—è–≥–∫–∏–π ,—Å–æ–≤—Å–µ–º –Ω–µ –∫–æ–ª–µ—Ç—Å—è . –†–∞–∑–º–µ—Ä 25 —Å–º –Ω–∞ 180 —Å–º . –®–∞—Ä—Ñ–∏–∫ –æ—á–µ–Ω—å —è—Ä–∫–∏–π –∏ –ø–æ–∑–∏—Ç–∏–≤–Ω—ã–π . ",100000,–ñ–µ–Ω—Å–∫–∏–π –≥–∞—Ä–¥–µ—Ä–æ–±,–ê–∫—Å–µ—Å—Å—É–∞—Ä—ã,zhenskaya-odezhda,aksessuary,zhenskaya-odezhda,zhenskaya-odezhda-aksessuary
90,475f59d8db1304c1d4569585,14,1401,124,–ü—Ä–æ–∫–ª–∞–¥–∫–∏ –¥–ª—è –≥—Ä—É–¥–∏,,8000,–ö—Ä–∞—Å–æ—Ç–∞ –∏ –∑–¥–æ—Ä–æ–≤—å–µ,–î—Ä—É–≥–æ–µ,krasota-i-zdorove,drugoe,krasota-i-zdorove,krasota-i-zdorove-drugoe
91,6bfd14cf480c63db481fe895,22,2216,125,–ö–æ–º–ø–ª–µ–∫—Ç –¥–µ—Ç—Å–∫–∏–π,–†–∞–∑–º–µ—Ä –ø—Ä–∏–º–µ—Ä–Ω–æ –Ω–∞ 7-9 –ª–µ—Ç,45000,–î–µ—Ç—Å–∫–∏–π –≥–∞—Ä–¥–µ—Ä–æ–±,–®—Ç–∞–Ω—ã –∏ —à–æ—Ä—Ç—ã,detskaya-odezhda,shtany-i-shorty,detskaya-odezhda,detskaya-odezhda-shtany-i-shorty
92,38f044a27aab65727f821f85,22,2204,127,–¢–æ–ª—Å—Ç–æ–≤–∫–∏ –¥–ª—è –º–∞–ª—å—á–∏–∫–æ–≤ Angry Birds üê§üê§üê§ü¶Üü¶Ü,"–ë–ª–∞–≥–æ–¥–∞—Ä—è –±–µ–∑—É–ø—Ä–µ—á–Ω–æ–º—É –∫—Ä–æ—é –∏ –∫–∞—á–µ—Å—Ç–≤—É –ø–æ—à–∏–≤–∞ –∏–∑–¥–µ–ª–∏–π, –∞ —Ç–∞–∫–∂–µ –ø—Ä–∏–º–µ–Ω–µ–Ω–∏—é —Ç–µ—Ö–Ω–æ–ª–æ–≥–∏–∏ –≥–ª—É–±–æ–∫–æ–≥–æ —Å—É–ø–µ—Ä—Å—Ç–æ–π–∫–æ–≥–æ –∫—Ä–∞—à–µ–Ω–∏—è —Ç—Ä–∏–∫–æ—Ç–∞–∂–∞, —Ç–æ–ª—Å—Ç–æ–≤–∫–∏ –≤ —Ç–µ—á–µ–Ω–∏–µ –¥–ª–∏—Ç–µ–ª—å–Ω–æ–≥–æ –≤—Ä–µ–º–µ–Ω–∏ —Å–æ—Ö—Ä–∞–Ω—è—é—Ç —Å–≤–æ–π –ø–µ—Ä–≤–æ–Ω–∞—á–∞–ª—å–Ω—ã–π –≤–Ω–µ—à–Ω–∏–π –≤–∏–¥ –∏ –Ω–∞—Å—ã—â–µ–Ω–Ω–æ—Å—Ç—å —Ü–≤–µ—Ç–∞. –°–æ—Å—Ç–∞–≤: —Ö–ª–æ–ø–æ–∫  –†–∞–∑–º–µ—Ä—ã –æ—Ç 3 –¥–æ 8 –ª–µ—Ç",39000,–î–µ—Ç—Å–∫–∏–π –≥–∞—Ä–¥–µ—Ä–æ–±,–í–µ—Ä—Ö–Ω—è—è –æ–¥–µ–∂–¥–∞,detskaya-odezhda,verhnyaya-odezhda,detskaya-odezhda,detskaya-odezhda-verhnyaya-odezhda
93,80c26b599f1304c1a8919d85,9,901,128,–ö–æ—Ä—Å–µ—Ç —É—Ç—è–≥–∏–≤–∞—é—â–∏–π,"–ù–û–í–´–ô –∫–æ—Ä—Å–µ—Ç, –≤ –ø–æ–ª—å–∑–æ–≤–∞–Ω–∏–∏ –Ω–µ –±—ã–ª( –Ω–µ –ø–æ–Ω–∞–¥–æ–±–∏–ª—Å—è), —Å–∫—Ä—ã–≤–∞–µ—Ç –∏–∑—ä—è–Ω—ã –≤ —Ñ–∏–≥—É—Ä–µ( —É—Ç—è–∂–∫–∞ —Ä–µ–≥—É–ª–∏—Ä—É–µ—Ç—Å—è )))) –±—Ä–∞–ª–∞ –∑–∞ 1200",28000,–ñ–µ–Ω—Å–∫–∏–π –≥–∞—Ä–¥–µ—Ä–æ–±,–î—Ä—É–≥–æ–µ,zhenskaya-odezhda,drugoe,zhenskaya-odezhda,zhenskaya-odezhda-drugoe
94,4f7e62e1b6855a204b418095,22,2211,129,–ü–ª–∞—Ç—å—è –¥–µ—Ç—Å–∫–∏–µ,–ü—Ä–æ–¥–∞–º –ø–ª–∞—Ç—å—è! –õ—é–±–æ–µ –∑–∞ 80—Ä—É–±.–î–æ 3—Ö –ª–µ—Ç.  7–∫–≤,8000,–î–µ—Ç—Å–∫–∏–π –≥–∞—Ä–¥–µ—Ä–æ–±,–ü–ª–∞—Ç—å—è –∏ —é–±–∫–∏,detskaya-odezhda,platya-i-yubki,detskaya-odezhda,detskaya-odezhda-platya-i-yubki
95,b9d84dc670e203681fb55685,9,909,130,–§—É—Ç–±–æ–ª–∫–∞ pelican,"–û–¥–µ—Ç–∞ —Ä–∞–∑–∞ —Ç—Ä–∏, —Å–æ—Å—Ç–æ—è–Ω–∏–µ –Ω–æ–≤–æ–π,—Ö–ª–æ–ø–æ–∫ ,–∫–∞—á–µ—Å—Ç–≤–æ",10000,–ñ–µ–Ω—Å–∫–∏–π –≥–∞—Ä–¥–µ—Ä–æ–±,–§—É—Ç–±–æ–ª–∫–∏ –∏ —Ç–æ–ø—ã,zhenskaya-odezhda,futbolki-topy,zhenskaya-odezhda,futbolki-topy
96,70a580d047d3f35d4f610c75,3,311,131,–õ–æ–∂–µ—á–∫–∞,,9000,–î–µ—Ç—Å–∫–∏–µ —Ç–æ–≤–∞—Ä—ã,–ö–æ—Ä–º–ª–µ–Ω–∏–µ –∏ –ø–∏—Ç–∞–Ω–∏–µ,detskie,kormlenie-pitanie,detskie,kormlenie-pitanie
97,5a19e1e9c570bf66d3031c95,9,905,132,–ù–∞–∫–∏–¥–∫–∞,"–•–ª–æ–ø–æ–∫, –º–æ–ª–Ω–∏—è, –∫–∞—Ä–º–∞–Ω—ã, –Ω–∞ —Ä—É–∫–∞–≤–∞—Ö –µ—Å—Ç—å –∫–Ω–æ–ø–∫–∏, –≤–Ω–∏–∑—É –∏ –≤–≤–µ—Ä—Ö—É —à–Ω—É—Ä–∫–∏.",50000,–ñ–µ–Ω—Å–∫–∏–π –≥–∞—Ä–¥–µ—Ä–æ–±,–°–≤–∏—Ç–µ—Ä—ã –∏ —Ç–æ–ª—Å—Ç–æ–≤–∫–∏,zhenskaya-odezhda,svitery-tolstovki,zhenskaya-odezhda,zhenskaya-odezhda-svitery-tolstovki
98,e7f3ad73ee2a46a9ee77da85,10,1006,133,–ë–†–ï–õ–û–ö –ü–ò–í–ù–ê–Ø –ö–†–£–ñ–ö–ê –° –î–í–£–•–ì–õ–ê–í–´–ú –û–†–õ–û–ú,–ë–†–ï–õ–û–ö –ü–ò–í–ù–ê–Ø –ö–†–£–ñ–ö–ê –° –î–í–£–•–ì–õ–ê–í–´–ú –û–†–õ–û–ú –ë–†–û–ù–ó–ê –í–´–°–û–¢–ê –ö–†–£–ñ–ö–ò 3.5 –°–ú –û–ë–©–ò–ô –í–ï–° 35 –ì–†–ê–ú–ú,45000,–•–æ–±–±–∏ –∏ —Ä–∞–∑–≤–ª–µ—á–µ–Ω–∏—è,–ö–æ–ª–ª–µ–∫—Ü–∏–æ–Ω–∏—Ä–æ–≤–∞–Ω–∏–µ,hobbi-razvlecheniya,kollekcionirovanie,hobbi-razvlecheniya,kollekcionirovanie
99,1ac01ff92accb1754c23ba85,22,2201,134,–§—É—Ç–±–æ–ª–∫–∞,"–§–∏—Ä–º–∞ Mother&care, —Ä–∞–∑–º–µ—Ä 9-12 –º–µ—Å—è—Ü–µ–≤,—Ä–æ—Å—Ç 80 —Å–º.",15000,–î–µ—Ç—Å–∫–∏–π –≥–∞—Ä–¥–µ—Ä–æ–±,–î—Ä—É–≥–æ–µ,detskaya-odezhda,drugoe,detskaya-odezhda,detskaya-odezhda-drugoe
